Workbook

Sheet Petunjuk
A1: Studi Waktu Pengujian Manual — 17 Skenario SIMASIS
A2: Tujuan: mengukur berapa lama seorang QA mengerjakan 17 skenario uji secara manual, sebagai pembanding waktu yang dibutuhkan agen AI (RAQA) untuk skenario yang sama. Tidak ada jawaban benar/salah soal kecepatan; bekerjalah dengan kecepatan dan ketelitian normal Anda.
A4: Yang perlu disiapkan
A5: 1. Browser Chrome desktop dan stopwatch (HP boleh).
A6: 2. Alamat aplikasi di sel B12 (sudah terisi alamat instance yang dipakai eksperimen; ubah bila penulis memberi alamat lain).
A8: Cara mengerjakan setiap baris di sheet "Skenario"
A9: 1. Mulai stopwatch saat Anda MULAI MEMBACA goal & acceptance criteria baris itu.
A10: 2. Buka "URL mulai", lalu periksa SETIAP acceptance criteria secara manual di browser.
A11: 3. Hentikan stopwatch saat hasil sudah Anda putuskan. Isi kolom kuning: durasi (detik), hasil, nomor kriteria yang gagal, catatan.
A12: Alamat aplikasi | B12: http://127.0.0.1:8000
A14: Bagian B (opsional): menulis test otomatis secara manual
A15: Bila Anda terbiasa dengan Playwright, tulis juga satu test Playwright untuk skenario tersebut dan catat waktunya dalam menit. Ini pembanding langsung untuk agen yang MENYUSUN test. Kosongkan bila tidak dikerjakan.
A17: Aturan
A18: • Kerjakan sendiri, urut dari atas. Jangan mengubah kolom putih (kolom abu-abu dan putih adalah data skenario).
A19: • Acceptance criteria adalah acuan kebenaran, bukan apa yang kebetulan tampil di halaman.
A20: • Bila terganggu (telepon, dsb.), jeda stopwatch. Bila lupa, tulis di Catatan dan beri perkiraan.
A21: • Semua halaman yang diuji adalah portal publik; tidak ada data pribadi santri.
A23: Contoh pengisian (bukan data uji; jangan disalin)
A24: ID | B24: Durasi manual (detik) | C24: Hasil | D24: Kriteria gagal | E24: Catatan
A25: S-CONTOH | B25: 95 | C25: FAIL | D25: 2 | E25: Pesan error tidak muncul setelah submit

Sheet Skenario
A1: No | B1: ID | C1: Fitur | D1: URL mulai | E1: Goal | F1: Acceptance criteria | G1: Durasi manual (detik) | H1: Hasil (PASS/FAIL/TIDAK BISA) | I1: Nomor kriteria yang gagal | J1: Catatan / temuan | K1: (Opsional) Durasi menulis test Playwright (menit)
A2: 1 | B2: S-SMOKE-01 | C2: Beranda | D2: =Petunjuk!$B$12&"/" | E2: A visitor opens the portal home page. | F2: 1. HTTP status < 400 2. Page title contains 'Pesantren PERSIS 27' 3. Main heading contains 'Tafaqquh Fid Din'
A3: 2 | B3: S-NAV-02 | C3: Navigasi | D3: =Petunjuk!$B$12&"/" | E3: A visitor reaches a page by opening a dropdown menu and clicking an item. | F3: 1. Dropdown item becomes visible 2. URL ends with the item's path 3. Destination shows a heading
A4: 3 | B4: S-HOME-01 | C4: Beranda | D4: =Petunjuk!$B$12&"/" | E4: The 'Daftar PSB' call-to-action leads to the admission site. | F4: 1. href is https://psb.pesantrenpersis27.com
A5: 4 | B5: S-HOME-02 | C5: Beranda | D5: =Petunjuk!$B$12&"/" | E5: The 'Info Terbaru' call-to-action opens the news list. | F5: 1. URL is /portal/berita 2. H1 is 'Berita Terbaru'
A6: 5 | B6: S-HOME-03 | C6: Beranda | D6: =Petunjuk!$B$12&"/" | E6: Statistic links (alumni, santri per jenjang) lead to valid targets. | F6: 1. Alumni page returns < 400 2. Anchors #tsanawiyyah and #muallimin exist on the santri page
A7: 6 | B7: S-HOME-04 | C7: Beranda | D7: =Petunjuk!$B$12&"/" | E7: Each featured-program card opens a modal with the matching title that can be closed. | F7: 1. Five 'Selengkapnya' controls 2. Modal title matches the card 3. 'Tutup' hides the modal
A8: 7 | B8: S-HOME-05 | C8: Beranda | D8: =Petunjuk!$B$12&"/" | E8: A visitor opens the first latest-news item from the home page. | F8: 1. Article H1 equals the card title
A9: 8 | B9: S-HOME-06 | C9: Beranda | D9: =Petunjuk!$B$12&"/" | E9: A visitor expands an FAQ question. | F9: 1. The corresponding answer is visible
A10: 9 | B10: S-NEWS-01 | C10: Berita | D10: =Petunjuk!$B$12&"/portal/berita" | E10: A visitor browses the news list and moves to page 2. | F10: 1. Page 1 shows at least one card 2. Page 2 shows cards not shown on page 1
A11: 10 | B11: S-NEWS-05 | C11: Berita | D11: =Petunjuk!$B$12&"/portal/berita" | E11: Opening an article from the list shows consistent data. | F11: 1. URL equals card href 2. H1 equals card title 3. Publication date equals card date
A12: 11 | B12: S-NEWS-06 | C12: Berita | D12: =Petunjuk!$B$12&"/portal/jihad-istimewa-pelepasan-jamaah-haji-2026" | E12: Breadcrumb and share links refer to the current article. | F12: 1. Breadcrumb has Beranda and Berita 2. WhatsApp/Facebook/Twitter links contain the article URL
A13: 12 | B13: S-NEWS-07 | C13: Berita | D13: =Petunjuk!$B$12&"/portal/jihad-istimewa-pelepasan-jamaah-haji-2026" | E13: Related articles exclude the article being read. | F13: 1. Related list is non-empty 2. Current URL not in related list
A14: 13 | B14: S-NEWS-09 | C14: Artikel santri | D14: =Petunjuk!$B$12&"/portal/artikel" | E14: A visitor opens a student article from the list. | F14: 1. Article H1 equals the card title
A15: 14 | B15: S-AUTH-01 | C15: Login | D15: =Petunjuk!$B$12&"/login" | E15: The SIMASIS login form is complete and accessible. | F15: 1. Username and password inputs are reachable by accessible name/placeholder 2. Password input masks text 3. Submit enabled 4. CSRF token present
A16: 15 | B16: S-AUTH-02 | C16: Login | D16: =Petunjuk!$B$12&"/login" | E16: Submitting an empty login form is rejected. | F16: 1. Remains on /login 2. Browser or server validation shown
A17: 16 | B17: S-AUTH-03 | C17: Login | D17: =Petunjuk!$B$12&"/login" | E17: Invalid credentials are rejected with a clear message. | F17: 1. Remains on /login 2. Error message visible 3. Password field is cleared
A18: 17 | B18: S-AUTH-05 | C18: Login | D18: =Petunjuk!$B$12&"/login" | E18: 'Kembali ke Landing Page' returns to the portal. | F18: 1. URL is the portal root

Sheet Ringkasan
A1: Skenario terisi durasinya | B1: =COUNT(Skenario!G2:G18)
A2: Total skenario | B2: 17
A3: Total waktu manual (menit) | B3: =IF(B1=0,"",SUM(Skenario!G2:G18)/60)
A4: Median waktu manual per skenario (detik) | B4: =IF(B1=0,"",MEDIAN(Skenario!G2:G18))
A5: Jumlah PASS | B5: =COUNTIF(Skenario!H2:H18,"PASS")
A6: Jumlah FAIL | B6: =COUNTIF(Skenario!H2:H18,"FAIL")
A7: Jumlah TIDAK BISA | B7: =COUNTIF(Skenario!H2:H18,"TIDAK BISA")
A8: (Opsional) Skenario dengan test Playwright manual | B8: =COUNT(Skenario!K2:K18)
A9: (Opsional) Median waktu menulis test (menit) | B9: =IF(B8=0,"",MEDIAN(Skenario!K2:K18))
A11: Sheet ini terisi otomatis. Tidak perlu diubah.
